date,sentiment,price,price_change,sentiment_change,price_volatility,sentiment_volatility,extreme_sentiment,price_ma30
2017-08-02,0.06256582342425607,2711.504736842105,-1.9300887892969687,0.017326526661017964,,,normal,
2017-08-03,0.0618263327304451,2745.320416666667,1.2471185967369625,-0.0007394906938109694,,,normal,
2017-08-04,0.055103823776691964,2827.9737499999997,3.0106989636455417,-0.006722508953753134,,,extremely_negative,
2017-08-05,0.0898774277908602,3161.7587499999995,11.802973772298975,0.03477360401416824,,,normal,
2017-08-06,0.0648568392422246,3232.088333333333,2.2243817094942386,-0.025020588548635606,,,normal,
2017-08-07,0.0665348542800882,3310.54625,2.4274682055410057,0.0016780150378635922,,,normal,
2017-08-08,0.06214762000857494,3418.4137499999997,3.2582991402098527,-0.004387234271513253,4.1974626817114835,0.01898421632952198,normal,
2017-08-09,0.07579944148985426,3339.5966666666664,-2.3056624825866456,0.013651821481279323,4.274887451104389,0.018548988162848466,normal,
2017-08-10,0.09847693389519407,3395.0304166666665,1.659893560000758,0.02267749240533981,4.24791062177237,0.020046756765880275,normal,
2017-08-11,0.08723878241807165,3509.1895833333333,3.362537375401531,-0.011238151477122427,4.2480138675756445,0.020561743047092695,normal,
2017-08-12,0.09188222609995257,3760.365,7.15764739128395,0.004643443681880924,2.7953084621984967,0.015790386030691887,normal,
2017-08-13,0.0820260869565217,4053.87,7.805226354356565,-0.009856139143430878,3.416840825111244,0.012420370905026918,normal,
2017-08-14,0.08819974126433354,4170.839583333333,2.885380718506836,0.006173654307811846,3.400851016589682,0.012489671365081258,normal,
2017-08-15,0.08668378466560188,4068.289333333333,-2.458743568316335,-0.0015159565987316603,4.063422054417468,0.012247794227922918,normal,
2017-08-16,0.0866926311320576,4174.440416666667,2.609231414874813,8.846466455714186e-06,3.456483718183849,0.01142169218542302,normal,
2017-08-17,0.08972874002539129,4348.17125,4.161775375681587,0.0030361088933336944,3.3886706152400543,0.0068762669004512385,normal,
2017-08-18,0.07580813407696026,4224.677083333333,-2.8401403616903798,-0.01392060594843103,4.191139338366108,0.0075658532335198675,normal,
2017-08-19,0.0879505738280827,4052.3504166666667,-4.079049434251624,0.012142439751122447,4.373990883270328,0.008998032093635505,normal,
2017-08-20,0.10108691674684746,4060.8091666666664,0.20873688428351134,0.013136342918764754,3.245869412454292,0.00923321549003028,normal,
2017-08-21,0.09596776847899692,4022.2925,-0.9484973335568747,-0.005119148267850537,3.006163051885777,0.00951216007940714,normal,
2017-08-22,0.06833832033656607,3918.8841666666667,-2.570880494974781,-0.027629448142430846,3.0187492734026526,0.014517324708352607,normal,
2017-08-23,0.08148547335038857,4144.093333333333,5.746767627945104,0.013147153013822493,3.7100910200476056,0.015713952360373942,normal,
2017-08-24,0.09806660406870017,4182.012083333333,0.915007142696278,0.016581130718311604,3.2736713582558363,0.01703539357246558,normal,
2017-08-25,0.09315091015278833,4357.416666666667,4.194262948985195,-0.004915693915911845,3.5102041223671496,0.016013393327968972,normal,
2017-08-26,0.10820371782612348,4306.566666666667,-1.1669758457801938,0.015052807673335153,3.015428635273146,0.016340591757366598,normal,
2017-08-27,0.09443648040843133,4340.183333333333,0.7805908805932127,-0.013767237417692146,3.0009371676961494,0.01669003282641257,normal,
2017-08-28,0.08591235219494235,4307.824583333334,-0.745561823425267,-0.008524128213488982,2.97996329410224,0.01688032435078997,normal,
2017-08-29,0.08980981378169732,4467.942916666667,3.7169186032509183,0.003897461586754969,2.6453809508928914,0.012315705892928382,normal,
2017-08-30,0.07776952971067254,4575.460416666667,2.4064206281358302,-0.012040284071024782,2.081172425519869,0.012556994009744799,normal,
2017-08-31,0.09175709356388025,4674.329166666666,2.1608481113694733,0.013987563853207707,2.081769686910551,0.011993554598819298,normal,3862.0746912280697
2017-09-01,0.100400213922385,4802.6483333333335,2.7451889263967466,0.008643120358504758,1.8414002600969883,0.01232741686733788,normal,3931.7794777777776
2017-09-02,0.10213000910801574,4682.21375,-2.5076702472142998,0.0017297951856307392,2.1911029173647947,0.010727176606055825,normal,3996.3425888888887
2017-09-03,0.10255441272907212,4577.1137499999995,-2.244664716556355,0.00042440362105637675,2.560059414727497,0.009100666527179195,normal,4054.647255555556
2017-09-04,0.04494580425517842,4355.34625,-4.8451384892936105,-0.0576086084738937,3.3246819687182496,0.024196029459094163,extremely_negative,4094.4335055555557
2017-09-05,0.05034720638687168,4255.818333333334,-2.285189533821008,0.00540140213169326,3.0286616886713555,0.024303470544575396,extremely_negative,4128.557838888889
2017-09-06,0.07206080912522536,4534.252916666667,6.5424452249880805,0.021713602738353682,3.9792456122144517,0.026103255223345938,normal,4169.348061111111
2017-09-07,0.08808050825539397,4583.573333333333,1.0877297224726412,0.01601969913016861,3.8992014413944176,0.026305839081856776,normal,4208.186713888889
2017-09-08,0.06419076132808932,4478.914583333333,-2.283344072164939,-0.023889746927304653,3.72205925332573,0.02727216848599995,normal,4246.163977777778
2017-09-09,0.07058784883924575,4293.101250000001,-4.148624178383975,0.006397087511156432,3.8857873888484824,0.02752493226861361,normal,4276.099672222223
2017-09-10,0.07977582132313761,4179.84625,-2.6380696239111767,0.00918797248389186,3.906741216397072,0.027982066678820756,normal,4298.454894444444
2017-09-11,0.046246875979808484,4212.218333333333,0.774480241547959,-0.033528945343329127,3.6043749748402276,0.020725573467580763,extremely_negative,4313.516672222222
2017-09-12,0.00618101707178693,4253.875,0.9889484202900256,-0.04006585890802156,3.5339727824316136,0.025413157661546025,extremely_negative,4320.183505555556
2017-09-13,-0.007233976434057554,3925.0733333333333,-7.729462352952698,-0.013414993505844484,3.268434597463198,0.02222566098850387,extremely_negative,4311.991297222222
2017-09-14,0.008590733633019524,3511.980588235294,-10.52445929073188,0.01582471006707708,4.2453196429077416,0.02218576003751171,extremely_negative,4293.447672385621
2017-09-15,0.03166260797750051,3421.7295833333333,-2.569803637420165,0.02307187434448099,4.231290668916722,0.024719578218344914,extremely_negative,4268.35731127451
2017-09-16,0.04623250774463348,3680.2245000000003,7.55451038345496,0.014569899767132966,5.97414177466139,0.025508555922734513,extremely_negative,4246.092419607843
2017-09-17,0.0758007204775926,3634.5575000000003,-1.2408753868140332,0.029568212732959127,5.973411995372985,0.028214836368713456,normal,4226.421766830065
2017-09-18,0.05020047937508451,3948.7029166666666,8.643291973415357,-0.025600241102508095,7.164828171947926,0.026794490932873297,extremely_negative,4222.966850163399
2017-09-19,0.04823071515564828,3958.4504166666666,0.24685321245256908,-0.001969764219436232,7.141178531133113,0.020231623984988758,extremely_negative,4219.554891830066
2017-09-20,0.08034282222199846,3937.0470833333334,-0.5406997961428739,0.032112107066350176,6.463831726815388,0.020265171044471942,normal,4216.713377941177
2017-09-21,0.03937228168307121,3786.383333333333,-3.8268211380504846,-0.04097054053892724,4.918614258395332,0.028438646901745683,extremely_negative,4212.296683496732
2017-09-22,0.05749534567418543,3623.195416666667,-4.309862533728303,0.01812306399111422,5.176949335930568,0.027954423187511648,extremely_negative,4194.9334196078435
2017-09-23,0.0812877778533636,3748.751111111111,3.465330461252214,0.02379243217917816,4.490341038092954,0.02875840825463782,normal,4180.491387200435
2017-09-24,0.11265428792114698,3686.3323076923075,-1.6650559498014528,0.03136651006778339,4.518135463453358,0.029021203939719374,normal,4158.121908567958
2017-09-25,0.10958806327275601,3824.554583333333,3.749588048603103,-0.003066224648390972,3.1944650347344767,0.026132983043866014,normal,4142.0548391235125
2017-09-26,0.08014857148502023,3915.9637500000003,2.3900604547523185,-0.029439491787735778,3.366176486388195,0.029773325879288888,normal,4127.914186345735
2017-09-27,0.0853937159431063,4040.325833333334,3.1757720773930354,0.005245144458086062,3.572812673439089,0.027254727021503677,normal,4118.9975613457345
2017-09-28,0.08746844069167259,4187.54625,3.64377584233615,0.0020747247485662923,3.185673236229324,0.020231253604860125,normal,4109.65100579018
2017-09-29,0.06658076293087788,4141.6075,-1.0970326596392854,-0.020887677760794712,2.325682910196704,0.021917809285708446,normal,4095.18924190129
2017-09-30,0.09136401195428119,4272.908333333334,3.1702867385027034,0.024783249023403314,2.296166806004631,0.022089814943670294,normal,4081.808547456846
2017-10-01,0.0970051444949333,4291.984583333334,0.44644650696539223,0.0056411325406521134,1.8420960545465537,0.018051976926139985,normal,4064.786422456846
2017-10-02,0.07221662450528986,4394.942083333333,2.3988320088521586,-0.024788519989643445,1.7208533831923951,0.019982407001303375,normal,4055.210700234624
2017-10-03,0.08676514797773617,4310.700833333333,-1.9167772499087743,0.014548523472446312,2.2533256858880435,0.01795373228367627,normal,4046.3302696790684
2017-10-04,0.06548921850452065,4248.808333333333,-1.435787413531553,-0.02127592947321552,2.321751633761962,0.019616440281005836,normal,4042.7790057901793
2017-10-05,0.06784598655000423,4257.82125,0.2121281065083025,0.0023567680454835843,1.9380731934327986,0.01962851184964735,normal,4042.845769679068
2017-10-06,0.08136934228494502,4346.105,2.073448949976453,0.01352335573494079,1.9401800208613527,0.018628023663816932,normal,4036.5741724568456
2017-10-07,0.09479937377960179,4385.9675,0.9172005738471656,0.013430031494656769,1.624639565724228,0.016721907302504488,normal,4029.9873113457347
2017-10-08,0.07467107648350785,4498.0925,2.5564484916953845,-0.020128297296093944,1.8217127203817274,0.018172719394369215,normal,4030.626575234624
2017-10-09,0.05347741020605084,4644.6345833333335,3.257871716362737,-0.02119366627745701,1.9784790157725507,0.017498954035572497,extremely_negative,4042.3443530124014
2017-10-10,0.02403533224040554,4808.065,3.5186926707456045,-0.0294420779656453,1.7877289132891476,0.018168081499931463,extremely_negative,4063.2849780124016
2017-10-11,0.06549062075682627,4784.693333333334,-0.4860929847384732,0.04145528851642073,1.538934391488623,0.025194238742404045,normal,4082.3674780124015
2017-10-12,0.07613916066904963,5128.4454166666665,7.184412027799758,0.010648539912223365,2.409427307204791,0.025516366622359656,normal,4111.5198252346245
2017-10-13,0.0886132834201883,5617.905833333333,9.544030927500845,0.01247412275113867,3.4891992866807007,0.025434757211818815,normal,4167.947575234623
2017-10-14,0.08678946907141007,5669.247083333333,0.9138859127073795,-0.0018238143487782355,3.489653484457722,0.024842345139552413,normal,4239.856458404558
2017-10-15,0.0942101003989192,5610.2404166666665,-1.040820161818956,0.007420631327509128,3.9368083255376147,0.023478346530595454,normal,4312.806819515669
2017-10-16,0.10579932237452778,5672.6375,1.1121998114014264,0.01158922197560859,4.020576784546877,0.021039609321405434,normal,4379.220586182336
2017-10-17,0.0702729582695721,5617.894583333334,-0.9650346362986562,-0.03552636410495569,4.267038689343184,0.022865344597656094,normal,4445.331822293447
2017-10-18,0.09083262953892209,5403.808333333333,-3.810791513161038,0.02055967126934999,4.785403554711967,0.018505740369828584,normal,4493.8353361823365
2017-10-19,0.09110689120314469,5653.227916666667,4.615626016836893,0.00027426166422260534,4.3901727212008845,0.018262890483977286,normal,4550.327919515669
2017-10-20,0.07236275762872896,5791.541249999999,2.446625810460623,-0.018744133574415733,2.7193672679492944,0.019110280264451572,normal,4612.144391737892
2017-10-21,0.07114911376488098,6072.9470833333335,4.8589109735398095,-0.0012136438638479796,3.194593715539536,0.019114319861308793,normal,4688.363183404558
2017-10-22,0.10952076279636755,5888.84,-3.0315937354138844,0.03837164903148657,3.4851703273933965,0.02453201576253689,normal,4763.88466951567
2017-10-23,0.08297400227449911,5872.139583333334,-0.2835943355001369,-0.02654676052186844,3.500659167137298,0.02626911804150566,normal,4834.66428525641
2017-10-24,0.0540326357720452,5657.6466666666665,-3.6527216974789556,-0.028941366502453908,3.826400213251065,0.02500876219539525,extremely_negative,4900.374763888889
2017-10-25,0.07044845062124382,5554.010416666667,-1.8317907799120126,0.016415814849198615,3.5467328732760706,0.02441900578141498,normal,4958.023291666666
2017-10-26,0.08331768849891145,5827.41375,4.922629106220167,0.012869237877667639,3.6082519829645445,0.025146109677735583,normal,5021.738291666667
2017-10-27,0.07728929665777003,5818.908333333333,-0.14595525616603044,-0.006028391841141428,3.5055099733936266,0.024097579697645727,normal,5081.024374999999
2017-10-28,0.1068412273418435,5747.522916666666,-1.2267836607382065,0.02955193068407347,2.8222385454686534,0.026386491011254374,normal,5133.023597222223
2017-10-29,0.07713952597740469,5890.589166666668,2.489181027623877,-0.02970170136443881,2.8496307007812844,0.0245611025746899,normal,5191.322986111111
2017-10-30,0.06573801157379149,6123.05375,3.9463723705056575,-0.0114015144036132,3.197192370706731,0.022920524844750097,normal,5252.9945
2017-10-31,0.08952182908942495,6248.143333333333,2.0429280623795565,0.023783817515633465,2.5885830589311034,0.021380223829455296,normal,5318.199791666667
2017-11-01,0.08715589048605378,6510.450833333333,4.198167135517061,-0.0023659386033711705,2.298994417671683,0.02089199088712496,normal,5388.7167500000005
2017-11-02,0.08827814848441186,6956.64875,6.853564032495951,0.0011222579983580783,2.7375950156997115,0.020375048662151993,normal,5476.915013888889
2017-11-03,0.09959789545194932,7245.71625,4.155269446369569,0.011319746967537458,2.4918025485265742,0.020473844092618577,normal,5576.811944444445
2017-11-04,0.1119074987364888,7265.235833333333,0.2693948073571484,0.012309603284539478,2.077724220972518,0.01761017212565112,normal,5677.059097222223
2017-11-05,0.0948073249690693,7458.492916666666,2.660024915456405,-0.0171001737674195,2.0659085959082195,0.014317865092223147,normal,5780.805361111111
2017-11-06,0.09145906335387971,7227.577083333334,-3.096011968012069,-0.003348261615189585,3.190555837888798,0.013299790408421806,normal,5875.5256805555555
2017-11-07,0.08047171756235724,7113.010833333334,-1.58512664312066,-0.010987345791522468,3.541301995062419,0.01079481398374568,normal,5962.689625
2017-11-08,0.05404803854999669,7391.112916666666,3.9097660589813454,-0.026423679012360556,3.511965723156189,0.014415800742488936,extremely_negative,6054.238902777778
2017-11-09,0.059747694699914554,7202.498888888888,-2.5519029394404313,0.005699656149917867,3.062944933450722,0.014823543412855057,normal,6134.05336574074
2017-11-10,0.07653198859400566,6947.6483333333335,-3.53836299716348,0.016784293894091105,2.9256283739763465,0.015875973262933996,normal,6206.1518657407405
2017-11-11,0.0884055019934855,6554.74125,-5.655252892525509,0.01187351339947984,3.45432912644992,0.015805231394452588,normal,6253.695060185186
2017-11-12,0.07962751155488129,6101.034583333333,-6.921808952667153,-0.008777990438604208,3.4720141684823664,0.01488543678248142,normal,6269.7993518518515
2017-11-13,0.07618042826850635,6353.202083333334,4.133192437375555,-0.003447083286374941,4.330353189679976,0.014886788902864009,normal,6292.597851851852
2017-11-14,0.08167990105432052,6592.768333333333,3.770795369920088,0.005499472785814169,4.809777941446847,0.01456228522228044,normal,6325.348782407407
2017-11-15,0.10176247682192886,7056.572499999999,7.035044206265395,0.020082575767608343,5.442637670350725,0.01042776934066697,normal,6371.479949074073
2017-11-16,0.11016647481182663,7482.264166666667,6.032555701321951,0.008403997989897771,5.8627380879297215,0.01042959802593826,normal,6433.625601851852
2017-11-17,0.09809861558023704,7818.567916666667,4.494678916820738,-0.012067859231589595,5.679614570585304,0.01164248434465576,normal,6514.117587962963
2017-11-18,0.13394759764919287,7699.745416666668,-1.5197476221535111,0.03584898206895583,4.936313427189729,0.01696860815870333,normal,6582.334837962963
2017-11-19,0.12646235759077962,7829.982499999999,1.6914466165520725,-0.007485240058413251,2.8477406624865846,0.016780532535310633,normal,6650.282879629629
2017-11-20,0.10016118755988589,8094.763750000001,3.381632717569949,-0.02630117003089373,2.8411999992043593,0.020819023781360944,normal,6717.676768518519
2017-11-21,0.07599451884138882,8143.074583333334,0.596815853128918,-0.02416666871849707,3.0468809640762977,0.023208871727490397,normal,6792.817921296297
2017-11-22,0.08716183189264365,8202.225,0.7263892288022378,0.011167313051254832,2.588022585309583,0.022088733653837546,normal,6870.487435185186
2017-11-23,0.12104213963256026,8168.440833333333,-0.4118902696118143,0.03388030773991661,2.097403703302554,0.02587881360232647,normal,6954.180574074074
2017-11-24,0.1339856034423326,8173.025000000001,0.05612046117737801,0.012943463809772335,1.5675394062269181,0.025406996653385014,normal,7041.481060185185
2017-11-25,0.13658408501904057,8435.633333333333,3.213110608781111,0.0025984815767079728,1.496905015904979,0.021516213756655023,normal,7128.421712962963
2017-11-26,0.11929825033418494,8982.927083333334,6.487879787725892,-0.01728583468485563,2.4734640287009726,0.022413228742958147,normal,7233.88900462963
2017-11-27,0.11058762652048017,9571.297391304348,6.549872914616661,-0.008710623813704771,3.000591698499513,0.019958466583745987,normal,7361.348153784219
2017-11-28,0.10708380485745689,9845.3225,2.8629881351780684,-0.0035038216630232794,2.8861653057086025,0.016811422888999165,normal,7493.172598228663
2017-11-29,0.09740603488887213,10406.292916666667,5.69783688311547,-0.009677769968584757,2.9071934113916416,0.017261613017547597,normal,7635.9472371175525
2017-11-30,0.08287729699892347,9879.467083333333,-5.062569711924725,-0.014528737889948656,4.194777516976119,0.01047140006702974,normal,7756.991362117552
2017-12-01,0.10817536901508935,10208.032083333334,3.32573606681974,0.02529807201616588,4.012595721843003,0.014394865628743009,normal,7880.244070450886
2017-12-02,0.1379488478850445,10952.033333333333,7.288390592097871,0.02977347886995514,4.284895496960908,0.01922620468566699,normal,8013.423556561997
2017-12-03,0.11773929059705213,11297.74375,3.156586600357314,-0.02020955728799237,4.128953004675565,0.019695290019036756,normal,8148.49113989533
2017-12-04,0.0869045276284831,11359.865833333335,0.5498627399239453,-0.030834762968569032,3.987073397492865,0.022812841787805283,normal,8284.978806561998
2017-12-05,0.09198884451035626,11660.816521739132,2.649245095155228,0.005084316881873163,3.9850550736371564,0.023035132301861497,normal,8425.056260064412
2017-12-06,0.09227614463012757,12633.789166666667,8.343949526292892,0.0002873001197713082,4.437150844544091,0.022799557571558833,normal,8605.263329508856
2017-12-07,0.05454302203611455,15015.704166666668,18.853528174148337,-0.03773312259401301,6.162581329547104,0.026522608288477786,extremely_negative,8868.686440619967
2017-12-08,0.06640915880459282,15725.0025,4.723710093515976,0.011866136768478266,6.071749130545402,0.024450606973983952,normal,9146.482760064413
2017-12-09,0.07704049364667308,15016.6325,-4.5047369626809335,0.010631334842080259,7.326108221579634,0.020545823914394943,normal,9406.953880434785
2017-12-10,0.0779070594704827,14366.172083333333,-4.331599755582127,0.0008665658238096174,8.11453797140284,0.020118098382902766,normal,9654.238005434781
2017-12-11,0.0844202242555968,16507.415833333333,14.904761947576329,0.006513164785114101,8.941339621020418,0.017057952270239235,normal,9985.993824879228
2017-12-12,0.08339478069263545,16895.536666666667,2.3511907451292613,-0.001025443562961345,8.959566324118228,0.016888725121908445,normal,10345.810560990338
2017-12-13,0.0756931942275277,16659.40125,-1.397620101245678,-0.007701586465107754,9.243905408568178,0.017038546257652554,normal,10689.35053321256
2017-12-14,0.08918609465235124,16435.218333333334,-1.3456841173488443,0.01349290042482354,6.799039018159822,0.007831327461718385,normal,11017.432199879227
2017-12-15,0.0782192239252784,17521.745833333334,6.610970891675616,-0.010966870727072836,6.983747730313033,0.00911929035514903,normal,11366.271310990338
2017-12-16,0.08528423576591204,18305.568333333333,4.473426948751058,0.007065011840633642,6.446196943779773,0.008622400661368372,normal,11727.048116545893
2017-12-17,0.09579152811898056,19321.566666666666,5.550214638696915,0.01050729235306852,5.58826863619128,0.009307183825625507,normal,12110.481408212561
2017-12-18,0.099003105354591,18714.425,-3.142300400071074,0.003211577235610441,3.8551106145753464,0.009155584243840787,normal,12477.637394323672
2017-12-19,0.09204020242475258,18194.65875,-2.7773562372341187,-0.0069629029298384215,4.218908998750851,0.009747489106141684,normal,12823.126602657005
2017-12-20,0.06975493773575535,16806.122083333332,-7.631562019082483,-0.022285264688997233,5.349912070431945,0.012993844134765887,normal,13113.505213768116
2017-12-21,0.08119582116689246,16199.76625,-3.6079461420469805,0.011440883431137111,5.527625064818768,0.012634557645039858,normal,13382.061602657004
2017-12-22,0.05164155683849017,13686.907500000001,-15.511697583908035,-0.029554264328402288,7.153134774072947,0.016427542245050487,extremely_negative,13564.884352657005
2017-12-23,0.08000737010786406,14593.063750000001,6.620606225328851,0.028365813269373888,7.572536865588892,0.0202929473582857,normal,13779.038449879228
2017-12-24,0.0983318035815194,13380.965833333334,-8.305986579868584,0.018324433473655338,6.753502113281515,0.02121029619858342,normal,13952.636477657004
2017-12-25,0.11115740623905969,13766.41375,2.880568723271648,0.012825602657540291,7.371353721024992,0.02173039284739346,normal,14130.32915821256
2017-12-26,0.06275489959515614,15212.435,10.503979295261257,-0.04840250664390355,9.228196003448105,0.028942949372644942,normal,14337.979422101449
2017-12-27,0.0945746414239143,15621.448333333334,2.6886776070585316,0.03181974182875816,9.028783252437579,0.030486458069998546,normal,14539.651120169083
2017-12-28,0.07184116726659516,14147.447083333333,-9.435752809518627,-0.022733474157319133,9.595128576926063,0.03172266001504618,normal,14683.05527294686
2017-12-29,0.10466276139531105,14497.7325,2.475962020591882,0.032821594128715895,7.370703478130173,0.031232088039579737,normal,14819.436592391305
2017-12-30,0.12281526466176046,13091.46375,-9.699922039532726,0.018152503266449405,7.882526877476197,0.03032428304121001,normal,14926.503147946858
2017-12-31,0.13533601530563585,13328.883043478261,1.813542763529874,0.012520750643875395,7.282243168231567,0.030012578496026975,normal,15030.531513285026
2018-01-01,0.11179989205182668,13422.710416666667,0.7039402542759587,-0.023536123253809174,7.1934059093134675,0.03159519796714782,normal,15112.887416062802
2018-01-02,0.07499574765788047,14025.843888888889,4.493380647423684,-0.036804144393946206,5.96567491305485,0.028809532832579945,normal,15203.824087359098
2018-01-03,0.11841066786074408,14996.766,6.922379279297863,0.04341492020286361,6.583877176594448,0.031071248052824338,normal,15325.054092914654
2018-01-04,0.09346293252739539,14797.810416666667,-1.3266565827147803,-0.024947735333348695,5.318743815028753,0.03139132770513872,normal,15429.620556078906
2018-01-05,0.10848435269238298,16211.854705882351,9.555767031743123,0.015021420164987587,6.283152156460934,0.029227778472000896,normal,15548.889407386094
2018-01-06,0.12256402954512137,16717.64375,3.1198715587682058,0.014079676852738393,3.7279929375995766,0.028857060027537813,normal,15605.620726830539
2018-01-07,0.11217436111501088,16285.322727272725,-2.5860164817022913,-0.010389668430110494,4.393198463649268,0.028492475762087112,normal,15624.29806773963
2018-01-08,0.10113581944075693,15296.727083333333,-6.0704700821421875,-0.011038541674253943,5.568056167847068,0.02738375051000364,normal,15633.634553850741
2018-01-09,0.08163111433847317,14893.345,-2.637048311941459,-0.019504705102283762,5.690079432420034,0.024272973876171004,normal,15651.206984406297
2018-01-10,0.0836057019702051,14231.319166666666,-4.445111782029709,0.0019745876317319305,5.327674509553225,0.015744532909282936,normal,15575.337095517407
2018-01-11,0.04217342350487763,13681.872083333334,-3.8608303060216342,-0.041432278465327474,5.467402158449014,0.01991163491718009,extremely_negative,15468.21494273963
2018-01-12,0.0983058969689874,13703.390416666667,0.15727623531538448,0.05613247346410977,3.078303108825564,0.030727437708710136,normal,15369.681248295185
2018-01-13,0.11577057894179887,14285.771666666667,4.249906280796623,0.01746468197281148,3.4222634328398955,0.031037712346949218,normal,15298.033026072962
2018-01-14,0.10091987992622804,13697.662916666668,-4.116744714408727,-0.014850699015570831,3.5012457571202775,0.03130796972442735,normal,15170.563595517406
2018-01-15,0.08243159438181812,13835.780416666666,1.0083289451658484,-0.018488285544409927,3.275731823638475,0.031804657894669595,normal,15021.570664961853
2018-01-16,0.05152531430548684,12060.349583333335,-12.832169779123104,-0.030906280076331276,5.4643061127271935,0.03307688169362439,extremely_negative,14779.530095517406
2018-01-17,0.05231565268330886,10394.621764705882,-13.811604772463538,0.0007903383778220183,6.886307018511712,0.033042445930309264,extremely_negative,14502.203321007604
2018-01-18,0.07793320980712454,11415.27375,9.819039195439139,0.02561755712381568,8.693414778983277,0.030132018801217145,normal,14276.223821007605
2018-01-19,0.07996279700643143,11408.935416666667,-0.05552502263322934,0.00202958719930689,8.68409136162631,0.020147412054476437,normal,14096.317598785383
2018-01-20,0.10827731258611058,12512.142083333332,9.669672290852427,0.02831451557967915,9.5576915482029,0.02225702774671748,normal,13973.396793229826
2018-01-21,0.1052597382256596,11848.485833333332,-5.304097776223438,-0.0030175743604509836,9.622721497747435,0.021471472801952243,normal,13912.116071007602
2018-01-22,0.08289470282541929,11122.566666666666,-6.126682994585176,-0.022365035400240305,9.672736029410823,0.02208763967168177,normal,13796.432834896494
2018-01-23,0.09041770341321996,10732.006666666666,-3.5114197262622215,0.007523000587800671,8.62427587733913,0.01738065356455771,normal,13708.134196007604
2018-01-24,0.11016233429741305,11035.145833333334,2.82462708123552,0.019744630884193093,6.686454018093319,0.017980557637854045,normal,13617.091932118716
2018-01-25,0.10823713920737477,11309.770416666666,2.488635741485057,-0.001925195090038287,5.562930975385952,0.016503000782925072,normal,13487.003112674272
2018-01-26,0.09297546056402138,10846.522500000001,-4.095997527801265,-0.015261678643353385,5.774975353614326,0.01811948140174099,normal,13327.838918229825
2018-01-27,0.12034416739503745,11270.8775,3.912359929184661,0.027368706831016068,4.291466626527062,0.017891415964335133,normal,13231.953265452048
2018-01-28,0.11872469279163834,11733.675000000001,4.106135480578166,-0.0016194746033991042,4.338953752051495,0.01783738631497102,normal,13139.818015452047
2018-01-29,0.07860914926263358,11281.948125,-3.8498328528785764,-0.04011554352900476,3.8679288895090713,0.02251434036364291,normal,13079.50082795205
2018-01-30,0.0790400134501251,10674.002083333335,-5.388661913091952,0.00043086418749151145,4.222456230102594,0.022245201091679906,normal,12991.004795947218
2018-01-31,0.07047061471261808,10079.120416666667,-5.573182973193647,-0.00856939873750702,4.47167688798608,0.020191208043456175,normal,12879.551795947218
2018-02-01,0.05385793603070185,9574.570434782609,-5.005892984964666,-0.016612678681916224,4.336453877819704,0.02049798070084835,extremely_negative,12731.176014143675
2018-02-02,0.05032656650732248,8651.856666666667,-9.637129669691468,-0.003531369523379374,5.153881842718039,0.02026141927400374,extremely_negative,12519.679036365897
2018-02-03,0.0836991797591722,8982.42625,3.8207935714761776,0.03337261325184972,5.1333043899684725,0.021969093072990154,normal,12325.832897477007
2018-02-04,0.09405881498410851,8754.042916666667,-2.5425572888319925,0.010359635224936312,4.092663989595679,0.022750337055443028,normal,12077.239171169818
2018-02-05,0.0725168786424019,7317.473571428572,-16.410353009613843,-0.021541936341706605,6.209164293189475,0.018447574498902608,normal,11763.900165217436
2018-02-06,0.05103693466670367,6826.616666666666,-6.708010626488359,-0.021479943975698232,6.213926640067946,0.019984819232777146,extremely_negative,11448.609963197236
2018-02-07,0.08411156462899472,7907.267916666667,15.829968237072055,0.03307462996229105,10.351690738608346,0.0241602185636769,normal,11202.294657641678
2018-02-08,0.08908278500074868,8237.99,4.1825076223387825,0.004971220371753959,10.626526328889558,0.02273160578541363,normal,10980.449490975014
2018-02-09,0.07974516006800476,8288.1525,0.6089167381849281,-0.009337624932743913,10.029955215649098,0.023197325833716954,normal,10782.343935419458
2018-02-10,0.07654158792691741,8637.59375,4.216153720627114,-0.003203572141087352,10.057276278297167,0.019328496311446543,normal,10614.201324308346
2018-02-11,0.08510089374605663,8213.207916666666,-4.913241414408198,0.008559305819139218,10.191561866562141,0.01916307014652078,normal,10431.195240975014
2018-02-12,0.10111394657898802,8656.300000000001,5.394872354737168,0.01601305283293139,7.472034239341889,0.017749828133707308,normal,10243.546185419458
2018-02-13,0.10346009123083627,8633.16625,-0.2672475538047503,0.0023461446518482504,6.453513001621447,0.013896546770192485,normal,10074.729629863903
2018-02-14,0.09739348759606761,9073.970434782608,5.105938794849552,-0.006066603634768658,3.7793245010473044,0.008840752639521733,normal,9916.002630467767
2018-02-15,0.08151534045973334,9813.6,8.151112796028315,-0.015878147136334272,4.3998263983910615,0.010903947555277892,normal,9841.11097768999
2018-02-16,0.09910707788656901,10026.57875,2.170240788293798,0.017591737426835674,4.3201044844523215,0.012181136173008644,normal,9828.842877199791
2018-02-17,0.10781636019761438,10709.40875,6.810199341425416,0.008709282311045369,4.562594948722741,0.012039475589697955,normal,9805.31404386646
2018-02-18,0.08617936412269174,10657.095294117647,-0.4884812701014263,-0.021636996074922643,3.4112884545599442,0.015297907036633767,normal,9780.252706448158
2018-02-19,0.10160278425941631,11039.065625,3.5841880018956607,0.01542342013672457,3.3416322430246375,0.015197323258455504,normal,9731.15015783705
2018-02-20,0.11061374736186652,11519.485833333332,4.3520006552487,0.009010963102450212,2.879167875520936,0.01556796025473375,normal,9720.18349117038
2018-02-21,0.1041959369946948,10803.128333333332,-6.218658630814177,-0.00641781036717172,4.831618586120085,0.015595154912021625,normal,9709.535546725936
2018-02-22,0.08866257430514814,10271.375416666668,-4.922212346824828,-0.015533362689546665,4.865181799891376,0.015533489894396431,normal,9694.181171725937
2018-02-23,0.11032336653545931,10029.615,-2.3537297280983416,0.02166079223031117,4.945712652015605,0.016313501295382633,normal,9660.663477281492
2018-02-24,0.11621339565041426,9931.054583333333,-0.9826939186266537,0.005890029114954953,3.9659225131001583,0.016142707677283298,normal,9614.706282837047
2018-02-25,0.1147811872759858,9650.815,-2.821851204036685,-0.0014322083744284647,4.0131286914627005,0.012849255802937448,normal,9574.849366170381
2018-02-26,0.11088807986201688,9980.9875,3.421187744247489,-0.0038931074139689215,3.9801484635231574,0.012058498373085464,normal,9531.853032837047
2018-02-27,0.09461900406018514,10569.569166666666,5.897028391896764,-0.016269075801831734,4.373187517067368,0.013112963948486416,normal,9493.049505059269
2018-02-28,0.09809370122078348,10614.93625,0.4292235815666734,0.003474697160598339,3.7662225223184023,0.013126385398619034,normal,9470.815775892603
2018-03-01,0.10006744646667183,10680.084583333333,0.6137421063959092,0.0019737452458883503,3.135428394587075,0.011424828957731538,normal,9471.018525892603
2018-03-02,0.0169046351084812,11043.12,3.3991811004305816,-0.08316281135819063,2.9822694686185978,0.03162773674973086,extremely_negative,9503.151845337046
2018-03-03,0.13160560445433708,11396.676666666666,3.20160123829738,0.11470096934585589,2.8356260977460157,0.05821852419796133,normal,9563.888719733184
2018-03-04,0.0902096179183134,11527.57,1.1485219521597312,-0.04139598653602368,1.9709766840773546,0.06054688245395863,normal,9659.745830844293
2018-03-05,0.09209705931268262,11534.144999999999,0.05703717262179886,0.0018874413943692214,2.1368972317073722,0.060580200985514324,normal,9744.80312251096
2018-03-06,0.1061843727708605,10846.081666666667,-5.9654472293640515,0.014087313458177875,3.111441757987459,0.06053218020031383,normal,9814.537747510962
2018-03-07,0.08421180122618122,9980.865555555556,-7.977222905947546,-0.021972571544679284,4.441647015133776,0.06116530617479864,normal,9903.317480315194
2018-03-08,0.0826717850817783,9694.107916666666,-2.87307385609733,-0.0015400161444029115,4.453624343280735,0.06114183481397907,normal,9998.90052198186
2018-03-09,0.0800917627004651,8925.352499999999,-7.9301305831862905,-0.0025800223813132045,4.524783977339365,0.04998900491126087,normal,10032.83667475964
2018-03-10,0.07228556556420215,9243.675833333333,3.5665071304840312,-0.007806197136262946,4.608203030378988,0.01810021191543651,normal,10066.359535870748
2018-03-11,0.09670550039053483,9086.21375,-1.7034574358991805,0.024419934826332673,4.31196442733691,0.014972634825838091,normal,10092.961577537415
2018-03-12,0.08951258310443035,9445.27875,3.9517560325938783,-0.0071929172861044804,5.006735077258464,0.01526612938802964,normal,10119.88441087075
2018-03-13,0.09956319841879668,9157.30875,-3.0488247898453946,0.010050615314366337,4.807521179028317,0.014694568574036136,normal,10151.354438648526
2018-03-14,0.06801921697356124,8772.78125,-4.19913219590854,-0.031543981445235444,4.241028035707359,0.0172076372407425,normal,10155.237146981859
2018-03-15,0.0802473862849797,8121.9470833333335,-7.418789413752524,0.012228169311418458,4.75845877310939,0.018075723087239495,normal,10138.196508092971
2018-03-16,0.07651130024171827,8320.444583333334,2.4439644578247544,-0.003736086043261422,4.345716967803212,0.018104790800769974,normal,10113.078979711328
2018-03-17,0.09498442156248098,8091.0125,-2.757449809748258,0.018473121320762703,3.8923786404851617,0.019040510089995286,normal,10055.659396377996
2018-03-18,0.08519012051308206,7707.302083333333,-4.742427683391504,-0.00979430104939892,4.043891282528481,0.01697794292551012,normal,9978.350174155774
2018-03-19,0.0908187881564958,8362.41,8.499834437309861,0.005628667643413743,5.358601547417972,0.016971283600337693,normal,9900.116882489108
2018-03-20,0.0883290194853829,8648.157083333334,3.417042256159819,-0.0024897686711129047,5.618851583833879,0.01640906802873387,normal,9833.152275462962
2018-03-21,0.08014269372927858,8994.4275,4.003979267837265,-0.008186325756104312,5.617890973235523,0.01068153257846647,normal,9764.997671296296
2018-03-22,0.09130092894159253,8799.243333333334,-2.170056589668057,0.011158235212313947,4.653516969393979,0.010512623146031913,normal,9674.322921296296
2018-03-23,0.08849479682804108,8550.307916666667,-2.8290548088794054,-0.002806132113551449,4.84921506605907,0.010439883678972401,normal,9599.228907407407
2018-03-24,0.11636816158798736,8869.6625,3.7350068143257475,0.027873364759946284,4.744590475771489,0.013196001204009883,normal,9552.50514351852
2018-03-25,0.1233956307294225,8545.084166666666,-3.659421464270307,0.007027469141435136,4.522761466330519,0.011937784212126223,normal,9503.020782407408
2018-03-26,0.10153037621647883,8220.684583333334,-3.796329878162874,-0.021865254512943674,3.695345959048827,0.015777639496977726,normal,9446.008449074076
2018-03-27,0.10659632576729618,7970.704166666666,-3.0408710385687265,0.00506594955081735,3.443590671747143,0.01571511409117016,normal,9390.00475462963
2018-03-28,0.09895220621323582,7933.193749999999,-0.47060354872452415,-0.007644119554060358,2.663413110894353,0.01565425183171519,normal,9321.744962962963
2018-03-29,0.08290151285747356,7521.40125,-5.190753093607469,-0.016050693355762258,2.970340838595674,0.016552522894751575,normal,9220.139365740739
2018-03-30,0.08009309447549896,6909.276666666666,-8.138438078055387,-0.002808418381974598,3.7417526295915624,0.016552559892896983,normal,9096.61737962963
2018-03-31,0.08983435276069053,7020.848333333332,1.6148096544597257,0.009741258285191567,3.150765409502803,0.012051262707438507,normal,8974.642837962961
2018-04-01,0.09278485697001866,6818.227083333334,-2.8859938340784375,0.002950504209328131,3.147174432477741,0.011528482108051148,normal,8833.813074074074
2018-04-02,0.10483717003675935,7015.043333333334,2.886619169389393,0.012052313066740691,3.8470815433783176,0.00997415068616963,normal,8687.75862962963
2018-04-03,0.09416497019727627,7410.306470588235,5.634507421739388,-0.010672199839483087,4.800828440544563,0.010524727070588843,normal,8550.51651198257
2018-04-04,0.09970968904442941,7093.449583333334,-4.275894506016953,0.005544718847153143,4.952436322379854,0.01047954831435901,normal,8402.493331427015
2018-04-05,0.07534254353342583,6785.37,-4.343156030278883,-0.02436714551100358,4.8559914778381765,0.01282561249418243,normal,8267.13627587146
2018-04-06,0.08407717447381291,6663.820833333334,-1.7913417642172136,0.008734630940387081,3.871801425934958,0.013299621527504177,normal,8156.5681184640525
2018-04-07,0.0891108953511448,6914.391666666666,3.760167621553445,0.005033720877331893,4.138358105473757,0.012870629456614501,normal,8063.9109101307195
2018-04-08,0.10244677832122079,7016.853749999999,1.4818669273146456,0.013335882970075985,3.982552618138981,0.01384315463680822,normal,8000.294285130719
2018-04-09,0.10060920633361776,6911.8675,-1.4962011998611024,-0.0018375719876030233,3.8842565394809223,0.01303008338196338,normal,7922.567340686274
2018-04-10,0.09371359869496572,6803.189166666667,-1.5723439914514192,-0.006895607638652046,2.9356569418267155,0.01261531183334568,normal,7846.46652124183
2018-04-11,0.09451376986899594,6911.763750000001,1.5959365625949795,0.0008001711740302231,2.7345175141650975,0.012389143307231539,normal,7762.01602124183
2018-04-12,0.09199012553937953,7354.3175,6.402906204657222,-0.002523644329616409,3.1028044302661075,0.007045344986530377,normal,7701.916312908496
2018-04-13,0.09528744115536171,8000.811666666667,8.790675228077482,0.003297315615982177,3.883620718166394,0.006506902391833331,normal,7676.183993464053
2018-04-14,0.09913124308905086,8023.233749999999,0.2802476082113925,0.0038438019336891477,3.948817835841613,0.006417217705354142,normal,7672.893549019608
2018-04-15,0.11987877322705387,8242.029166666667,2.7270228374770777,0.020747530138003012,3.9384845881056605,0.008856556943216434,normal,7670.279701797385
2018-04-16,0.10739729122970865,8096.5858333333335,-1.7646544363316696,-0.012481481997345223,3.9836777139952093,0.01048705851155166,normal,7670.465479575164
2018-04-17,0.10609537091900718,8065.165,-0.3880750970856828,-0.0013019203107014626,3.8106590185476747,0.00998913886024704,normal,7682.394243464052
2018-04-18,0.07056997354478987,8090.792083333334,0.3177502671468435,-0.03552539737421731,3.8921037919822083,0.017321043897196513,normal,7673.340312908497
2018-04-19,0.08590097405796866,8246.270416666666,1.9216701125420288,0.015331000513178789,3.4561962273161755,0.01873226321706422,normal,7659.944090686275
2018-04-20,0.11231848163100612,8476.740416666666,2.7948392225192187,0.026417507573037458,1.7044408390846781,0.02143306919702256,normal,7642.687854575164
2018-04-21,0.12673987100191764,8822.478333333333,4.07866585116714,0.014421389370911517,2.0629935436928895,0.02191653144785861,normal,7643.462354575164
2018-04-22,0.12535212219651193,8910.4025,0.9965926052146745,-0.0013877488054057086,1.9771137311506715,0.020648176672261934,normal,7655.465507352941
2018-04-23,0.09482631609626374,8928.922083333333,0.20784227573706904,-0.030525806100248187,1.5991160942640397,0.02350824204250127,normal,7657.440826797386
2018-04-24,0.08600997708742082,9344.59375,4.65533983595352,-0.008816339008842919,1.7759055219888715,0.023653052191353944,normal,7684.09114624183
2018-04-25,0.09851704253555775,9202.121666666666,-1.524647161181658,0.012507065448136928,2.1811054656596736,0.019136479155380488,normal,7716.805715686274
2018-04-26,0.10479621397802656,8899.227083333333,-3.2915733382500645,0.006279171442468812,2.925746870910309,0.01853910316698778,normal,7747.756479575163
2018-04-27,0.11074864321873851,9214.164583333333,3.538930932438178,0.005952429240711946,3.0086162450576643,0.015547717022257598,normal,7790.45550735294
2018-04-28,0.11424207111320217,9256.02375,0.45429150182949574,0.003493427894463663,2.7378166872576517,0.014333265963371493,normal,7848.276257352942
2018-04-29,0.10763621350798268,9361.1725,1.1360034593688173,-0.006605857605219492,2.740673536277408,0.01444439889014162,normal,7930.006118464052
2018-04-30,0.10758030273735736,9299.2875,-0.6610817181287976,-5.5910770625319794e-05,2.7880333257996006,0.007545646729083494,normal,8005.954090686274
2018-05-01,0.11308040229857759,8998.1725,-3.2380437748590896,0.005500099561220231,2.45847844823972,0.005953918352258577,normal,8078.618937908496
2018-05-02,0.11783267909123084,9129.05625,1.454559245224507,0.004752276792653248,2.511322703726393,0.004659042112354854,normal,8149.086035130719
2018-05-03,0.10798176190806229,9408.550000000001,3.0615842683629158,-0.00985091718316855,2.299089259546097,0.006320628378860608,normal,8215.694152777778
2018-05-04,0.12879930850354995,9671.864583333334,2.7986733697895394,0.020817546595487665,2.1664282815058606,0.009937671754096725,normal,8301.641319444445
2018-05-05,0.08279757831199132,9841.68375,1.7558058759352457,-0.046001730191558635,2.1959591213947935,0.020823843831343745,normal,8403.518444444444
2018-05-06,0.0785345156317919,9650.706250000001,-1.9404962082834598,-0.004263062680199423,2.4358643754242655,0.02080302494577155,normal,8503.081291666667
2018-05-07,0.0529689881819644,9361.715,-2.9945088215694193,-0.025565527449827492,2.753994449078591,0.0221552047984585,extremely_negative,8584.65873611111
2018-05-08,0.08825795181422547,9274.070833333333,-0.9361977657583731,0.03528896363226106,2.399694971460105,0.02738068959295372,normal,8659.899305555555
2018-05-09,0.10159428856021448,9207.155416666666,-0.7215323008549435,0.01333633674598901,2.3898678039307324,0.027999521998993054,normal,8736.408902777777
2018-05-10,0.12063379166061634,9277.178333333333,0.760527149785184,0.019039503100401867,2.0571130641259034,0.02882158664551636,normal,8818.875208333333
2018-05-11,0.10081369093702762,8700.604583333334,-6.214968919249331,-0.019820100723588724,2.62318023406291,0.02844454256614149,normal,8878.503236111112
2018-05-12,0.10480001360155801,8438.6875,-3.0103319927336503,0.0039863226645303895,2.236300013672709,0.021590933294283885,normal,8914.648902777779
2018-05-13,0.1089196164292175,8564.908333333333,1.4957401057135167,0.0041196028276594965,2.6323092049796384,0.0213427291055511,normal,8933.452125
2018-05-14,0.11140166029861355,8594.78,0.3487680837214846,0.0024820438693960445,2.6530792080430934,0.016979213632243556,normal,8952.503666666666
2018-05-15,0.12442838658214278,8640.845833333333,0.535974548892848,0.01302672628352923,2.7330099743499003,0.012616225887714945,normal,8965.797555555557
2018-05-16,0.12354930866499393,8275.281666666668,-4.230652574039084,-0.0008790779171488489,2.9891800274063223,0.01221999365020737,normal,8971.754083333333
2018-05-17,0.11869146808569175,8274.695,-0.007089386081338134,-0.004857840579302178,2.9064982499336103,0.010209365595798181,normal,8978.738416666665
2018-05-18,0.10260176555095935,8113.599999999999,-1.9468391282095654,-0.01608970253473241,2.111994278257159,0.009050885883068184,normal,8979.498680555555
2018-05-19,0.12183767128863872,8260.141666666666,1.806123874318022,0.019235905737679374,2.1223655098412433,0.01158036003714332,normal,8979.961055555556
2018-05-20,0.11710683522871325,8373.96375,1.3779676902232474,-0.0047308360599254695,2.106298364132933,0.011845752730050863,normal,8976.535166666667
2018-05-21,0.10275242317335219,8470.585416666667,1.1538343077573732,-0.01435441205536106,2.168821600593888,0.013170095544871228,normal,8964.805402777776
2018-05-22,0.12416815894170113,8235.010416666666,-2.7810946754221355,0.021415735768348945,2.340082449544993,0.014946147831483875,normal,8942.292333333335
2018-05-23,0.11432791858196384,7782.039583333334,-5.500549609707517,-0.009840240359737296,2.686512210475135,0.01540694387347431,normal,8904.062916666668
2018-05-24,0.04935159025259814,7545.432916666668,-3.040419727154864,-0.0649763283293657,2.7725577297113597,0.02871659234721306,extremely_negative,8844.09088888889
2018-05-25,0.08035657670993848,7493.777083333333,-0.6845973439010278,0.031004986457340344,2.7626742344566657,0.03231731705470219,normal,8787.146069444445
2018-05-26,0.11135108618994427,7496.750833333333,0.039682925805362146,0.03099450948000579,2.5238051557148533,0.03394131280461685,normal,8740.39686111111
2018-05-27,0.11882338597367835,7335.700416666667,-2.148269567004635,0.007472299783734079,2.223045225885305,0.03406077800401611,normal,8677.781388888889
2018-05-28,0.10993919221532411,7258.140833333334,-1.0572894056185556,-0.008884193758354239,1.8507341383532185,0.033731147219840774,normal,8611.185291666667
2018-05-29,0.09841112199016984,7309.735000000001,0.7108454885542903,-0.011528070225154272,2.1102039120951037,0.03269456618798071,normal,8542.804041666666
2018-05-30,0.12420210087073998,7443.052500000001,1.823834926984369,0.025790978880570137,1.6617288809773851,0.034309373615351066,normal,8480.929541666666
2018-05-31,0.14956894898954265,7551.152352941176,1.4523591354645982,0.025366848118802673,1.4225288019700164,0.01854495671190242,extremely_positive,8432.695536764706
2018-06-01,0.12853162813722344,7491.237083333333,-0.7934586246893249,-0.021037320852319213,1.4320723270736695,0.02100790600209433,normal,8378.101564542483
2018-06-02,0.13684275374776775,7613.674166666667,1.6344040639927782,0.008311125610544312,1.5598483064587154,0.01823514765180955,normal,8318.272370098039
2018-06-03,0.13545648571410474,7704.328333333334,1.1906756801277174,-0.0013862680336630129,1.173384497322963,0.018232386182432,normal,8252.687828431373
2018-06-04,0.11640095300922533,7584.640833333334,-1.553509856039792,-0.019055532704879405,1.3054215377429998,0.01963102057965838,normal,8177.453064542484
2018-06-05,0.09755677920959532,7505.9608333333335,-1.0373596025037068,-0.018844173799630007,1.448519273639636,0.020576398020229314,normal,8105.961550653595
2018-06-06,0.11749396812624142,7614.04,1.4399111461745884,0.0199371889166461,1.3912339005323962,0.019435027141171294,normal,8047.705717320262
2018-06-07,0.13444829290567098,7705.039583333334,1.1951550469045946,0.016954324779429555,1.359793799909936,0.0177203283724127,normal,7995.404675653595
2018-06-08,0.11496909569754941,7642.870833333333,-0.8068582818766656,-0.019479197208121565,1.3615922254889423,0.017451432825015656,normal,7943.261856209151
2018-06-09,0.12485800397987372,7640.430833333333,-0.031925176458025284,0.009888908282324305,1.2273673207515685,0.01761528237140737,normal,7888.70360620915
2018-06-10,0.10319941601473039,7136.735416666666,-6.592500182963068,-0.021658587965143333,2.6866573619647136,0.019152177424085336,normal,7836.574633986927
2018-06-11,0.04902534510933566,6765.609583333334,-5.200218470571705,-0.05417407090539473,3.118256270316759,0.026685518737338616,extremely_negative,7780.805370098039
2018-06-12,0.08481560408443738,6758.9920833333335,-0.09781084643580851,0.03579025897510172,3.165186073652354,0.03115511250841534,normal,7720.608161764706
2018-06-13,0.07020283735120668,6443.05,-4.674396410559489,-0.014612766733230698,3.0798344474831327,0.029842882268883174,normal,7648.883828431372
2018-06-14,0.07185669275615811,6513.568749999999,1.094493291220755,0.0016538554049514292,3.0608873339718423,0.0283392902137186,normal,7577.974592320262
2018-06-15,0.06709046710308032,6554.48,0.6280927026370842,-0.004766225653077785,3.2236124423370427,0.027970705486463847,normal,7520.614536764706
2018-06-16,0.08329331262232331,6484.209411764706,-1.0721001244232031,0.01620284551924299,3.1337770377991165,0.028692568611057116,normal,7460.931683823529
2018-06-17,0.11072824212557791,6522.39125,0.5888433856873654,0.0274349295032546,2.6170941303960378,0.03017136514639698,normal,7407.891392156862
2018-06-18,0.0975755972288353,6537.094166666667,0.2254221818825508,-0.013152644896742616,1.976367169916214,0.019880454955776162,normal,7350.456475490196
2018-06-19,0.110479419522307,6722.951666666667,2.843121045245267,0.0129038222934717,2.3471079388532283,0.01580929658115422,normal,7295.422739379084
2018-06-20,0.09739234996498547,6684.025833333333,-0.5789991548850959,-0.013087069557321529,1.2630378104377367,0.01552321835882369,normal,7235.870753267974
2018-06-21,0.10914676569490618,6737.89875,0.8059950396660964,0.011754415729920711,1.2462459070034095,0.015749142351265025,normal,7185.967031045752
2018-06-22,0.08012783743204555,6354.905,-5.68417193861811,-0.029018928262860635,2.6377615619758754,0.020338642501723715,normal,7138.395878267974
2018-06-23,0.09587547941407581,6128.072499999999,-3.569408197290136,0.01574764198203027,2.8982154371295956,0.02028580913182443,normal,7091.150531045752
2018-06-24,0.0789370754054243,6017.834583333333,-1.7989003339413223,-0.016938404008651514,2.8521867109770582,0.017708527703520768,normal,7041.952447712419
2018-06-25,0.07282958914502721,6209.271250000001,3.181155347753495,-0.006107486260397088,3.2706114830615785,0.01733379623036196,normal,6999.036461601308
2018-06-26,0.1091330469617191,6215.485000000001,0.10007213004263882,0.03630345781669189,2.923192574451,0.022514503150308018,normal,6961.695947712418
2018-06-27,0.10979107800226733,6111.48375,-1.6732604133064433,0.0006580310405482209,2.9213338490504674,0.02179019840668546,normal,6923.474044934641
2018-06-28,0.11921009788337965,6092.873333333333,-0.304515522383042,0.009419019881112323,2.820495513861073,0.021629155083394313,normal,6882.911989379086
2018-06-29,0.07705021967955378,5924.712500000001,-2.7599594498928126,-0.04215987820382587,2.234665160837061,0.025017971414976158,normal,6832.300656045752
2018-06-30,0.11999964650826084,6370.611250000001,7.52608248923472,0.04294942682870706,3.6035192857407203,0.029637454218698067,normal,6792.949285947713
2018-07-01,0.11203286918149935,6342.811666666667,-0.43637230781164993,-0.007966777326761487,3.486610755458219,0.02879090011426592,normal,6754.66843872549
2018-07-02,0.10522109708014443,6452.409583333333,1.7279074711083586,-0.006811772101354918,3.362586323173083,0.028836271293575775,normal,6715.959619281046
2018-07-03,0.13308741281397987,6598.67625,2.266853409995484,0.02786631573383544,3.4086189056968785,0.02743382272623767,normal,6679.104549836601
2018-07-04,0.12383385570791137,6572.799583333333,-0.3921493597548009,-0.009253557106068497,3.278935485053105,0.027852841896244925,normal,6645.376508169935
2018-07-05,0.10417651299485399,6585.113333333334,0.1873440661605441,-0.019657342713057385,3.2492143524486874,0.028717771547505183,normal,6614.681591503268
2018-07-06,0.11005753002094727,6547.243750000001,-0.5750786875852287,0.005881017026093283,2.8956002554617934,0.022664362768674413,normal,6579.1217165032685
2018-07-07,0.12114660325385979,6581.185833333333,0.5184178965894182,0.011089073232912514,1.1217729233100935,0.015894478867543447,normal,6541.659924836601
2018-07-08,0.1271831086903492,6739.995,2.4130782914882465,0.0060365054364894255,1.2475805799931456,0.015578695775494856,normal,6511.56406372549
2018-07-09,0.11542853753107289,6707.202083333334,-0.4865421512429413,-0.01175457115927632,1.2765886461390006,0.016154719088807494,normal,6480.45643872549
2018-07-10,0.0998683723319123,6478.0275,-3.4168432751237265,-0.015560165199160592,1.7361092777398253,0.012170167820133915,normal,6458.499508169934
2018-07-11,0.12177531105675403,6363.954166666666,-1.7609269694105811,0.02190693872484173,1.82933515409723,0.015491942545561192,normal,6445.110994281045
2018-07-12,0.10723333280187909,6226.657083333333,-2.1574178527631993,-0.014541978254874938,1.9071000825356357,0.014516256439726252,normal,6427.366494281046
2018-07-13,0.10972930292195161,6246.074166666666,0.31183800670999684,0.0024959701200725215,1.9519765048441338,0.014360206587883688,normal,6420.800633169934
2018-07-14,0.10790158249941127,6246.806666666667,0.011727366349734147,-0.001827720422540341,1.910199337248963,0.013494567400792724,normal,6411.90856372549
2018-07-15,0.12007064410535291,6336.965416666667,1.443277418542377,0.012169061605941639,1.6638262475804175,0.014271775952953423,normal,6404.65807761438
2018-07-16,0.13583140969896898,6543.974999999999,3.266698959550629,0.01576076559361607,2.292200153600588,0.014606459117733506,normal,6406.650263888889
2018-07-17,0.15247978457378844,6882.289583333334,5.169863627739013,0.01664837487481946,2.636013938356138,0.012774889081135457,extremely_positive,6418.646875
2018-07-18,0.15683314312984215,7411.53875,7.690015949755069,0.004353358556053705,3.366390145578964,0.01109105248222761,extremely_positive,6447.795027777777
2018-07-19,0.1627559003283219,7395.072499999999,-0.22217046358963266,0.005922757198479761,3.004288694184007,0.007034009610918609,extremely_positive,6470.199055555556
2018-07-20,0.16953831659468557,7424.705000000001,0.4007060106578031,0.006782416266363667,2.9935488768608884,0.006658476058817467,extremely_positive,6494.8883611111105
2018-07-21,0.19168786835827387,7348.888333333333,-1.0211404583302275,0.022149551763588293,3.15962283672717,0.006600674085457535,extremely_positive,6515.254680555556
2018-07-22,0.19368060416869762,7448.530833333333,1.3558853459241904,0.0019927358104237514,3.1641546686051907,0.007595117101584036,extremely_positive,6551.708875
2018-07-23,0.17291664686309935,7685.599583333334,3.182758523856566,-0.02076395730559827,3.160378278809288,0.013579656090299982,extremely_positive,6603.626444444444
2018-07-24,0.16360036497350647,8086.605416666666,5.217625885727073,-0.009316281889592881,3.1674864177446747,0.013508477993383547,extremely_positive,6672.585472222223
2018-07-25,0.17303929970103213,8252.762083333333,2.054714655969425,0.00943893472752566,2.1400943726141652,0.013815223803774361,extremely_positive,6740.7018333333335
2018-07-26,0.1500866573260157,8191.04375,-0.7478506312204813,-0.02295264237501643,2.221030382219898,0.016590645768117796,extremely_positive,6806.553791666667
2018-07-27,0.10875602803613794,8017.07125,-2.123935670591426,-0.041330629289877754,2.6003346150473585,0.021636632010363557,normal,6870.073374999999
2018-07-28,0.1492589610530319,8179.79,2.0296532851694415,0.04050293301689396,2.4295324507744973,0.026549823102441316,extremely_positive,6939.637263888889
2018-07-29,0.18815478083333168,8201.212083333334,0.26189038267894205,0.03889581978029977,2.480036553684067,0.03159927083944831,extremely_positive,7015.520583333334
2018-07-30,0.17714355214585056,8137.835416666666,-0.772771951544371,-0.011011228687481112,2.459526461216747,0.03077606876924921,extremely_positive,7074.428055555556
2018-07-31,0.1393728953076747,7920.395416666666,-2.671963598018612,-0.037770656838175876,1.855726182282336,0.034013544740227115,normal,7127.014180555557
2018-08-01,0.19068445529864012,7571.381666666667,-4.406519266267683,0.05131155999096543,2.0919171719433867,0.039842783045234656,extremely_positive,7164.31325
2018-08-02,0.16356599248341533,7598.764166666667,0.36165790083668714,-0.027118462815224786,2.172754296082976,0.04031499745374229,extremely_positive,7197.649513888889
2018-08-03,0.13625670144748617,7400.989166666666,-2.6027258599177983,-0.027309291035929162,2.2193794334601176,0.038094806383023726,normal,7225.255833333333
2018-08-04,0.1852140210158056,7249.762916666667,-2.0433248393486148,0.048957319568319446,1.739820217835363,0.03955371305088051,extremely_positive,7247.410819444443
2018-08-05,0.2014022216557286,7006.537083333333,-3.35494879114151,0.01618820063992299,1.5921692444609024,0.037183689470333584,extremely_positive,7262.720597222223
2018-08-06,0.16707092521615532,7000.00125,-0.09328193450769406,-0.03433129643957328,1.7108929838047828,0.03950470020603194,extremely_positive,7276.681111111112
2018-08-07,0.15112007630635743,6993.37625,-0.09464284024235381,-0.015950848909797893,1.843462308396753,0.03693759447784744,extremely_positive,7285.127152777778
2018-08-08,0.11182995964956201,6444.144166666666,-7.853604091919609,-0.039290116656795424,2.854980805432649,0.03221949702865835,normal,7276.358555555556
2018-08-09,0.16163416766001193,6402.734166666666,-0.6425989073025273,0.04980420801044992,2.724708947498017,0.03843041573083518,extremely_positive,7273.848777777778
2018-08-10,0.11800458352996694,6392.335416666666,-0.16241108453537434,-0.04362958413004499,2.8454382407113434,0.04076776931196326,normal,7274.794819444445
2018-08-11,0.1653802400222895,6194.819583333334,-3.089885315128349,0.047375656492322546,2.8733085648077976,0.040437388220971364,extremely_positive,7273.733569444445
2018-08-12,0.1919480634833707,6313.934583333333,1.9228162886368416,0.02656782346108122,3.1899858950844195,0.04142928483569077,extremely_positive,7275.995583333333
2018-08-13,0.1245235273449734,6350.582083333334,0.5804225481958358,-0.0674245361383973,3.246713684531165,0.04729323623058439,normal,7279.454763888889
2018-08-14,0.06582496925647723,6065.580833333333,-4.487797279999994,-0.05869855808849618,3.388653256358139,0.05136516604452628,normal,7270.408611111111
2018-08-15,0.10545388853843307,6374.0675,5.085855339217993,0.039628919281955846,3.160619468380101,0.05305741246103318,normal,7264.745027777778
2018-08-16,0.11670624945387013,6350.406666666667,-0.37120462457188586,0.011252360915437062,3.154704596063117,0.04874104816451315,normal,7247.015597222223
2018-08-17,0.1412801855144962,6477.431250000001,2.0002590385287844,0.024573936060626064,3.2491572028491187,0.046842720337270126,normal,7215.878680555556
2018-08-18,0.12651597191978292,6455.349999999999,-0.34089516581130574,-0.014764213594713277,2.930953353039927,0.0428185889145403,normal,7184.554597222222
2018-08-19,0.11879076159994244,6417.0408333333335,-0.5934483283891012,-0.007725210319840484,2.899686621975751,0.040426115236855284,normal,7150.9657916666665
2018-08-20,0.10243157879386781,6456.316521739131,0.6120529606384872,-0.016359182806074624,2.9002799313127596,0.03220255589543326,normal,7121.21339794686
2018-08-21,0.09495934550127627,6416.443749999999,-0.6175777102141011,-0.007472233292591543,2.10018696082589,0.021528292908304027,normal,7086.810495169081
2018-08-22,0.08175166491730872,6593.705833333333,2.7626219482300263,-0.013207680583967554,1.3719311640066665,0.015415351167690362,normal,7050.414036835748
2018-08-23,0.024792641583503427,6446.567083333332,-2.2315030988517393,-0.056959023333805286,1.7066185152404767,0.023863837580961392,extremely_negative,6995.746092391304
2018-08-24,0.08356899650500892,6569.486250000001,1.9067383473672095,0.058776354921505486,1.6907183606276366,0.03415346185377647,normal,6939.63689794686
2018-08-25,0.09694299062932142,6732.405,2.4799313644959575,0.013373994124312505,1.8637325214462688,0.03490581487304013,normal,6891.015606280193
2018-08-26,0.1070200228027154,6691.74125,-0.6040003535140781,0.01007703217339398,1.8648786249067888,0.035255041231235976,normal,6846.837939613527
2018-08-27,0.10860086546012282,6739.088333333333,0.7075450404382178,0.0015808426574074191,1.8651987337419105,0.03465722516470437,normal,6798.814550724637
2018-08-28,0.11818264754044355,7001.410833333332,3.8925517373393337,0.009581782080320733,2.123822924351283,0.0345714405389745,normal,6758.821175724637
2018-08-29,0.14350083871278815,7064.905833333333,0.9068886473238225,0.0253181911723446,2.0202463867218072,0.03456880171259252,normal,6723.056856280193
2018-08-30,0.09948896250172967,6945.503333333333,-1.690079143541312,-0.04401187621105848,1.8811084293415183,0.030578747149003226,normal,6690.560453502415
2018-08-31,0.13079833009089017,6995.4158333333335,0.7186304232330798,0.0313093675891605,1.8479845927959553,0.02454381759856344,normal,6671.361592391304
2018-09-01,0.13171061442679113,7118.46875,1.7590507783728393,0.0009122843359009591,1.7645012325564817,0.02443473296385991,normal,6655.351745169082
2018-09-02,0.12947061581256686,7251.814166666667,1.8732317489862815,-0.0022399986142242756,1.6793159702030573,0.02444888496982318,normal,6650.379245169082
2018-09-03,0.13315894702750944,7271.240833333333,0.26788698965787283,0.0036883312149425806,1.7073447033571132,0.024438493165773865,normal,6651.095175724638
2018-09-04,0.1267220889589383,7336.327499999999,0.8951246170844973,-0.0064368580685711385,1.1884437920619784,0.024524823815309058,normal,6662.088189613526
2018-09-05,0.0967928218796278,7121.63625,-2.9264131133731386,-0.029929267079310498,1.7934094294768048,0.024366325358562754,normal,6666.142689613526
2018-09-06,0.10531364894958972,6438.120416666668,-9.597735819957553,0.00852082706996192,4.116079464018414,0.018278776836469935,normal,6647.634161835748
2018-09-07,0.12023336642357363,6462.685,0.3815489885796719,0.014919717473983907,4.09451729586514,0.014352147243025368,normal,6648.252189613526
2018-09-08,0.13830649990212615,6373.097083333333,-1.3862336887325855,0.018073133478552522,3.9030304482188263,0.016183536217878734,normal,6647.264286835749
2018-09-09,0.1291781318710308,6309.28375,-1.0012923465455348,-0.009128368031095346,3.6308302502634024,0.016613014255776038,normal,6644.49589794686
2018-09-10,0.10231171437026465,6307.598333333332,-0.026713280515666682,-0.026866417500766154,3.6029846742852865,0.019271007208767996,normal,6648.255189613526
2018-09-11,0.1249338751017079,6310.7975,0.050719251569342205,0.022622160731443255,3.504579111584138,0.021733378621953375,normal,6648.150620169082
2018-09-12,0.12322923833346393,6283.493333333333,-0.43265794325783036,-0.0017046367682439778,3.529942811036428,0.017520461677017166,normal,6645.914328502416
2018-09-13,0.13116380824518817,6451.395,2.6721070232694544,0.00793456991172424,1.3159897423594755,0.017495387126184415,normal,6658.774800724637
2018-09-14,0.13609249226542583,6501.325000000001,0.773941139862,0.004928684020237661,1.341238043823046,0.016821398311877813,normal,6663.016717391305
2018-09-15,0.14345693492298306,6522.120833333333,0.3198706930253925,0.00736444265755723,1.1720052792215716,0.015585753151081879,normal,6668.7405229468595
2018-09-16,0.12249000075185207,6490.549583333333,-0.48406416879990255,-0.02096693417113099,1.0868093559807062,0.017374209071717776,normal,6669.177800724638
2018-09-17,0.13999536065692855,6402.912499999999,-1.3502259278377893,0.017505359905076484,1.2744655456528131,0.014138227872231766,normal,6667.429884057971
2018-09-18,0.10659263254346674,6308.595416666667,-1.4730340814954501,-0.033402728113461816,1.4292079663713473,0.018065275236220396,normal,6663.815036835748
2018-09-19,0.10596078877773364,6349.235833333333,0.6442070537492128,-0.000631843765733095,1.4323628260434835,0.018078882064762394,normal,6660.245680555556
2018-09-20,0.10125918045085482,6426.266250000001,1.2132234285937127,-0.004701608326878826,1.0643746266034706,0.017488416340847975,normal,6660.573097222223
2018-09-21,0.11453665100525907,6674.155,3.8574304324847875,0.013277470554404258,1.8272739004269554,0.01847720939479447,normal,6663.254736111111
2018-09-22,0.13042642539540975,6709.943749999999,0.5362289308534107,0.01588977439015067,1.8277270592191275,0.019531241597502687,normal,6672.0339583333325
2018-09-23,0.158712355865531,6708.8220833333335,-0.016716483899970047,0.028285930470121262,1.7974612505094623,0.020355659466347247,extremely_positive,6676.678486111111
2018-09-24,0.1502915275990434,6639.727916666667,-1.0299001196993562,-0.008420828266487601,1.7462310248758617,0.020095117658815588,extremely_positive,6673.58925
2018-09-25,0.1435307406492661,6418.1954166666665,-3.336469547854848,-0.006760786949777303,2.188939486378642,0.013982580015081118,normal,6664.471055555555
2018-09-26,0.13599093706283746,6465.544583333333,0.7377333283388632,-0.0075398035864286395,2.191910056829815,0.014694740513867629,normal,6655.352930555556
2018-09-27,0.13355686442393908,6532.381666666667,1.0337425173066572,-0.002434072638898388,2.1801955776710344,0.014487016589248206,normal,6639.7186249999995
2018-09-28,0.13585431602520248,6678.707916666666,2.240013787722628,0.002297451601263406,1.7845264571004897,0.013978129388511465,normal,6626.845361111112
2018-09-29,0.19049700157141755,6563.205416666667,-1.7294138543140103,0.05464268554621507,1.8789981584338822,0.023996843068658298,extremely_positive,6614.102097222222
2018-09-30,0.1438543016545073,6605.262,0.6407933420236045,-0.04664269991691025,1.9116780135612224,0.029761544995987876,normal,6601.096969444445
2018-10-01,0.10916848691069257,6584.134999999999,-0.3198510520854514,-0.03468581474381473,1.8792510830050544,0.032240357219435814,normal,6583.285844444445
2018-10-02,0.118577535173249,6567.970833333333,-0.24550175029318666,0.009409048262556424,1.251706615208016,0.03274166643076344,normal,6560.4910666666665
2018-10-03,0.1386107367210232,6479.105,-1.3530180871438646,0.0200332015477742,1.382681047866714,0.03382442941624971,normal,6534.08653888889
2018-10-04,0.13760015541326193,6576.4075,1.5017892131706567,-0.0010105813077612713,1.4485981329568416,0.03380900703006097,normal,6508.755872222222
2018-10-05,0.11867114258744216,6581.331666666666,0.07487624005455551,-0.01892901282581977,1.1078084723125579,0.03457233535460638,normal,6490.745719444444
2018-10-06,0.125638347864788,6594.5841666666665,0.20136502263092826,0.006967205277345845,0.8821938564005637,0.02475017853089626,normal,6495.961177777778
2018-10-07,0.13210908068063518,6572.669999999999,-0.33230551180825074,0.006470732815847174,0.8537439520246747,0.01881045391051868,normal,6499.627344444444
2018-10-08,0.1289118754878584,6623.693749999999,0.7763017160453911,-0.0031972051927767753,0.8990725101289029,0.012207488787491706,normal,6507.980566666666
2018-10-09,0.15912255097316913,6629.5233333333335,0.08801106381668422,0.03021067548531073,0.8871451795187477,0.0160163183300342,extremely_positive,6518.655219444444
2018-10-10,0.14056273397398586,6563.278235294118,-0.9992437571813784,-0.01855981699918327,0.7932397803508728,0.016914346215792936,normal,6527.177882843137
2018-10-11,0.10109033245412237,6270.119583333333,-4.466649766336584,-0.03947240151986349,1.7615015356266113,0.022670613506019777,normal,6525.8219522875825
2018-10-12,0.09947764344289446,6262.735833333333,-0.11776091192305937,-0.001612689011227908,1.7494729137045444,0.02185493925929607,normal,6525.130035620914
2018-10-13,0.10613993360868162,6261.008333333334,-0.027583791588403628,0.006662290165787163,1.7320210509873963,0.021832655161150655,normal,6518.783813398693
2018-10-14,0.10861322585314194,6303.81625,0.6837224036064349,0.002473292244460315,1.8112346778752257,0.021601247440883313,normal,6512.200188398692
2018-10-15,0.11121034913440335,6592.065833333333,4.572620328730759,0.00259712328126141,2.65637536046437,0.021719069456838682,normal,6514.531688398693
2018-10-16,0.119918963216937,6601.708333333333,0.1462743280147727,0.00870861408253365,2.6569276853999773,0.01741008406682269,normal,6518.236980065359
2018-10-17,0.12892599465898733,6554.712500000001,-0.7118738205388664,0.009007031442050326,2.6416281669501194,0.017105268885110287,normal,6523.29698006536
2018-10-18,0.10935413973221353,6540.572916666667,-0.21571630080393644,-0.019571854926773796,1.7929321585805056,0.009917302998874089,normal,6531.029563398693
2018-10-19,0.10295187346499897,6474.3125,-1.013067471472151,-0.00640226626721456,1.883839284697441,0.010299976557359616,normal,6535.198785620915
2018-10-20,0.1613984687459563,6478.345416666667,0.06229104119808149,0.058446595280957345,1.8800212050281275,0.024405138517260318,extremely_positive,6536.934757843137
2018-10-21,0.12497781486888641,6528.7775,0.7784716635143907,-0.0364206538770699,1.8818754809252378,0.029698399398095994,normal,6532.088841176471
2018-10-22,0.13398812265750537,6483.73875,-0.6898496694059397,0.009010307788618957,0.6192649229132029,0.029806456600281826,normal,6524.548674509803
2018-10-23,0.12279366501611538,6472.475833333334,-0.17371021722099034,-0.011194457641389988,0.5978898020392994,0.03014675945132272,normal,6516.67046617647
2018-10-24,0.14498884584658306,6498.181250000001,0.39714967392050493,0.022195180830467676,0.6113155131053866,0.031168315415972613,normal,6511.952243954248
2018-10-25,0.13609984323163501,6471.319583333334,-0.41337207494276385,-0.008889002614948044,0.6208528287321422,0.030164573897922025,normal,6513.723049509805
2018-10-26,0.14022642437359817,6463.46125,-0.12143324452051907,0.004126581141963154,0.49255094601694505,0.029830506075719982,normal,6513.65360506536
2018-10-27,0.15060862774090208,6464.59,0.017463553293528555,0.010382203367303916,0.49154879041019595,0.019204137016539797,extremely_positive,6511.393882843137
2018-10-28,0.16587721953279752,6466.283333333333,0.026193978788024985,0.015268591791895436,0.34627086839667587,0.012227869544875647,extremely_positive,6504.313063398692
2018-10-29,0.12353011750512789,6389.045416666667,-1.1944715795008332,-0.04234710202766963,0.4993086494007278,0.02172770043901694,normal,6498.507730065359
2018-10-30,0.09976339888045453,6314.803333333333,-1.1620215304725012,-0.02376671862467336,0.6142141279135984,0.023137100966189938,normal,6488.825774509804
2018-10-31,0.17940029201117638,6318.933333333333,0.06540187844330525,0.07963689313072185,0.5570923207290089,0.03866084980654099,extremely_positive,6479.985718954248
2018-11-01,0.1479481494976613,6349.34,0.4811993585415175,-0.03145214251351508,0.6480203802965954,0.040880517102621076,extremely_positive,6472.698024509805
2018-11-02,0.11789632642133735,6395.663333333333,0.7295771424011388,-0.030051823076323952,0.7519572166857851,0.04254841314681471,normal,6469.916635620915
2018-11-03,0.1371349252843798,6371.614583333333,-0.3760165091033052,0.01923859886304244,0.7522255104283959,0.04314672110478361,normal,6463.0902050653585
2018-11-04,0.12745816501978646,6418.831666666667,0.7410536641190291,-0.009676760264593326,0.8329295204507875,0.04251552832104447,normal,6457.6735383986925
2018-11-05,0.11844676215800015,6439.742916666666,0.325779691475514,-0.00901140286178631,0.6858716446876157,0.039455709889575294,normal,6452.512163398692
2018-11-06,0.10452039520566919,6468.995000000001,0.4542430297586497,-0.01392636695233096,0.3944714110828283,0.03866536741405641,normal,6449.056330065359
2018-11-07,0.14308929946956087,6532.985000000001,0.9891799267119472,0.038568904263891673,0.4372037888102001,0.025594487408699115,normal,6446.03270506536
2018-11-08,0.08694893107953611,6446.945,-1.3170089935917617,-0.05614036839002476,0.8068961508003488,0.030956334989660047,normal,6439.9467606209155
2018-11-09,0.09166236446206807,6378.365,-1.0637596567056207,0.004713433382531967,0.8980450950357372,0.029726848121286766,normal,6433.782986111111
2018-11-10,0.1176273949747777,6402.48125,0.3780945430372773,0.025965030512709625,0.8955774400933356,0.03068692984223889,normal,6438.195041666667
2018-11-11,0.11807012308054309,6387.67875,-0.2311994275656759,0.0004427281057653859,0.8487840757941398,0.030546289811340215,normal,6442.359805555555
2018-11-12,0.09373526307478124,6380.607142857143,-0.11070699419342134,-0.02433486000576185,0.831019806485094,0.031714320727342614,normal,6446.346432539682
2018-11-13,0.0927250082613751,6359.788333333334,-0.32628257872160393,-0.0010102548134061362,0.79116906228963,0.03138265645836475,normal,6448.2121686507935
2018-11-14,0.0739207139988278,6117.039583333334,-3.816931276276747,-0.018804294262547303,1.3986373539487549,0.026177831857284693,normal,6432.377960317461
2018-11-15,0.060980874000119596,5585.349999999999,-8.691942827736343,-0.012939839998708201,3.2688412653155963,0.016904180725870126,normal,6398.4993492063495
2018-11-16,0.07804985327931276,5588.0095833333335,0.04761712933538664,0.01706897927919316,3.3468415278987322,0.018500019572701247,normal,6366.275918650793
2018-11-17,0.10366018881259882,5555.949166666666,-0.5737358926922731,0.025610335533286066,3.2608059065211075,0.018411107778761045,normal,6333.455126984128
2018-11-18,0.11288254849763141,5600.800833333334,0.8072728047217925,0.009222359685032586,3.3740956224345524,0.01889750339566391,normal,6304.338071428571
2018-11-19,0.08586133053725588,5243.880833333334,-6.372660100244598,-0.02702121796037553,3.6661774108640754,0.019474949984119312,normal,6263.189251984126
2018-11-20,0.05156458008131728,4606.832083333334,-12.148421565008228,-0.0342967504559386,4.9028406347408255,0.02315786287024039,extremely_negative,6199.124404761905
2018-11-21,0.07811737891243357,4515.3075,-1.9867141167235647,0.026552798831116296,4.986745046638832,0.02519483794779129,normal,6133.510029761905
2018-11-22,0.11060281092366164,4515.18875,-0.0026299427004605747,0.03248543201122807,4.737520842770081,0.026917455964728564,normal,6068.267126984127
2018-11-23,0.09299411233666881,4303.139583333334,-4.696352210451149,-0.017608698586992835,4.58410093847487,0.027945991929621248,normal,5995.099071428572
2018-11-24,0.09323983332520837,4267.451666666667,-0.829346015288257,0.0002457209885395606,4.55721706545165,0.025969322673981686,normal,5921.636807539683
2018-11-25,0.07048497610257785,3828.9266666666667,-10.276039056876652,-0.022754857222630515,4.692456771277431,0.026576570048604045,normal,5833.818988095238
2018-11-26,0.07579604390260995,3914.3275,2.230411829947121,0.005311067800032099,5.403110564223663,0.025094044005352648,normal,5748.810238095238
2018-11-27,0.09419255934500143,3755.7549999999997,-4.051079016765979,0.018396515442391473,4.056429549609882,0.021194778147221392,normal,5658.459293650794
2018-11-28,0.1330543645795291,4109.261666666666,9.412399548603844,0.038861805234527674,6.173659491944707,0.023554685993186587,normal,5582.466501984128
2018-11-29,0.1251526996560529,4263.142916666667,3.7447420603133663,-0.007901664923476187,6.448442791359015,0.021357991698931964,normal,5514.077821428571
2018-11-30,0.1139573791345847,4117.422083333334,-3.4181550133738248,-0.01119532052146821,6.331401350093198,0.020492741602431676,normal,5440.694113095238
2018-12-01,0.1018014539581843,4124.075416666667,0.16158978114642064,-0.012155925176400406,6.332722059368279,0.021290565441135396,normal,5366.518626984126
2018-12-02,0.1183747768474704,4175.677083333333,1.2512299473993238,0.016573322889286105,4.56141816184857,0.018971289265628542,normal,5292.51908531746
2018-12-03,0.11538761491792243,3968.6458333333335,-4.9580282638793545,-0.0029871619295479684,5.102764533009567,0.019338564158085915,normal,5212.420126984128
2018-12-04,0.1102060829888621,3973.48,0.12180897136406799,-0.005181531929060332,4.739736631591334,0.018795350032961632,normal,5130.908404761905
2018-12-05,0.11447035967159912,3842.3745833333337,-3.29951117576196,0.004264276682737017,3.0805170564487145,0.010122834192867018,normal,5044.329460317461
2018-12-06,0.09768411708973183,3732.6891666666666,-2.8546258124451995,-0.016786242581867283,2.33741875134904,0.011370437921833837,normal,4953.119265873016
2018-12-07,0.0879992166363711,3390.6725,-9.162741696279287,-0.009684900453360734,3.628795031290511,0.011222829149349432,normal,4848.375515873016
2018-12-08,0.10508032317607531,3424.3458333333333,0.9931166555700477,0.01708110653970421,3.7488356319790754,0.012873966491918281,normal,4747.6222103174605
2018-12-09,0.13796627329619546,3537.31,3.29885391735405,0.03288595012012015,4.153668257642492,0.017068236715420612,normal,4652.920376984127
2018-12-10,0.11780971145350973,3526.1437499999997,-0.3156706649968588,-0.02015656184268573,4.020667180718779,0.01914552335841386,normal,4557.04246031746
2018-12-11,0.1023212326400545,3419.04625,-3.037241462433282,-0.015488478813455234,3.9718389087816366,0.0200179403597798,normal,4458.088043650793
2018-12-12,0.10516427087634789,3451.710833333333,0.9553712042746687,0.0028430382362933937,4.073727514523037,0.019961279526614042,normal,4360.458166666666
2018-12-13,0.07497977538270131,3406.517916666666,-1.3092903446672466,-0.030184495493646574,4.02627330668883,0.022206503513235498,normal,4262.015819444444
2018-12-14,-0.003429864823798083,3273.1404166666666,-3.915361764206182,-0.0784096402064994,2.502195515483468,0.036268686607979175,extremely_negative,4167.219180555555
2018-12-15,0.06365080016799975,3224.9525,-1.472222713736826,0.06708066499179782,2.433551288092997,0.046636071225595196,normal,4088.539263888889
2018-12-16,0.12263082598583284,3270.7985714285714,1.4216045485498263,0.0589800258178331,1.9604262177761371,0.0510853872957819,normal,4011.2988968253967
2018-12-17,0.10697770296139597,3392.385,3.717331590930839,-0.015653123024436874,2.686268193808583,0.05084923604301767,normal,3939.1800912698413
2018-12-18,0.10993214327495641,3557.6433333333334,4.871449830527297,0.002954440313560444,3.0846845668369482,0.05048298593567362,normal,3871.074841269841
2018-12-19,0.11420069490199196,3803.6204166666666,6.914045627583043,0.004268551627035544,3.908175805716878,0.050494122987776745,normal,3823.0661607142856
2018-12-20,0.11402680361892552,3973.8250000000003,4.474804651577036,-0.00017389128306644075,3.8356056663870217,0.048615361818613034,normal,3801.9659246031747
2018-12-21,0.11903431166980631,4024.6437499999997,1.2788371405383803,0.005007508050880793,2.79762242227639,0.031971439303022604,normal,3785.6104662698413
2018-12-22,0.0956697717946997,3917.6566666666663,-2.6582994664641646,-0.023364539875106616,3.131679909888273,0.026379161076207393,normal,3765.69273015873
2018-12-23,0.12058907947067682,4046.1625,3.280170884465816,0.024919307675977123,3.067537816160011,0.015617047159916488,normal,3757.126827380953
2018-12-24,0.12337029552016164,4189.72,3.547991461044897,0.002781216049484822,3.062756373283704,0.014072877288885373,normal,3754.5357718253968
2018-12-25,0.10023944682675749,3819.8295833333336,-8.828523544930611,-0.02313084869340415,5.301838912970165,0.01702718246289151,normal,3754.2325357142854
2018-12-26,0.10146663621430634,3833.351666666667,0.35399703149934236,0.0012271893875488438,4.65191411353936,0.016897194702087337,normal,3751.533341269841
2018-12-27,0.05929950115438978,3765.595,-1.7675567638589684,-0.04216713505991655,4.280961404542066,0.0226804802964741,normal,3751.861341269841
2018-12-28,0.06329258862303933,3762.1175000000003,-0.0923492834465578,0.003993087468649542,4.206867442146496,0.02258792400371446,normal,3740.289869047619
2018-12-29,0.10540072257675509,3926.58375,4.3716404391941355,0.042108133953715765,4.537858359592828,0.028044098729466366,normal,3729.0712301587305
2018-12-30,0.12953660623955413,3853.78875,-1.8539016263182884,0.024135883662799035,4.353815279578289,0.027935903657514225,normal,3720.2834523809524
2018-12-31,0.12611221164112954,3817.00625,-0.9544503444824382,-0.003424394598424585,3.951153205430205,0.027978689719494125,normal,3710.047813492063
2019-01-01,0.14260601920312524,3753.8054166666666,-1.6557697104460645,0.0164938075619957,2.202039228833485,0.026389732684649954,normal,3695.9854246031746
2019-01-02,0.07817662439700207,3890.434583333333,3.6397509061082856,-0.06442939480612317,2.6512440427010695,0.037654299660429075,normal,3693.378382936508
2019-01-03,0.1594535004432756,3885.5025,-0.12677461161954007,0.08127687604627354,2.512991647431476,0.04468306061909891,extremely_positive,3690.445799603175
2019-01-04,0.13590281733232568,3835.7262499999997,-1.2810762571893952,-0.023550683110949933,2.596532358957636,0.04690050152456662,normal,3690.2241884920636
2019-01-05,0.1279453678708051,3892.6966666666667,1.4852576266793482,-0.007957449461520577,2.0050268991262667,0.04503468570541918,normal,3695.557771825397
2019-01-06,0.1452793511501212,3939.89,1.2123557876330793,0.017333983279316095,1.8914242616322297,0.04457926920071349,normal,3713.865021825397
2019-01-07,0.14566737088784457,4062.7525,3.118424626068239,0.00038801973772337184,2.0497902518606215,0.04452165618430874,normal,3735.145244047619
2019-01-08,0.13974647910396815,4053.93875,-0.21694036247593695,-0.00592089178387642,1.8070141311381045,0.044176802978673574,normal,3752.3662023809525
2019-01-09,0.13993081885475847,4057.30625,0.08306736257424063,0.00018433975079032439,1.44346772623324,0.03419258573154144,normal,3770.0716190476187
2019-01-10,0.10417355176642026,3761.1294444444447,-7.299838545723669,-0.03575726708833821,3.3462102572972365,0.01729977387292266,normal,3781.4743921957675
2019-01-11,0.11045905608168238,3675.7641666666664,-2.2696713590613427,0.006285504315262119,3.4091691196046163,0.016455169516243075,normal,3788.9428366402117
2019-01-12,0.1173239822476471,3666.2566666666667,-0.25865369944616523,0.0068649261659647215,3.297073074485658,0.016757133505361062,normal,3797.600794973545
2019-01-13,0.1131423677690326,3621.789166666667,-1.212885622665072,-0.004181614478614509,3.1749837029715247,0.014551079631237048,normal,3809.2224199735447
2019-01-14,0.0847738093785756,3622.5691666666667,0.02153631711030446,-0.028368558390457002,2.6539381411009977,0.016797077596343003,normal,3822.4763088624336
2019-01-15,0.11311502957050408,3679.045,1.558999448595766,0.028341220191928487,2.8824911374833095,0.021944693798840523,normal,3836.0845231481485
2019-01-16,0.10893548104217009,3642.3620833333334,-0.997077140036795,-0.004179548528333993,2.8219119203751335,0.021874364350100796,normal,3844.4170925925923
2019-01-17,0.11537976303441955,3640.87875,-0.040724488653143265,0.006444281992249459,1.2010204791746952,0.017093751574072117,normal,3847.1916064814814
2019-01-18,0.10982262280481843,3655.8504166666667,0.41121025155443913,-0.005557140229601118,0.9215547974411741,0.017138817141008518,normal,3842.265939814815
2019-01-19,0.14329205312113877,3713.330416666666,1.5722743944323714,0.03346943031632034,1.1024661969559846,0.021366770735114823,normal,3833.5827870370367
2019-01-20,0.11910300920087041,3647.683333333333,-1.767876164175619,-0.024189043920268355,1.2322835432251342,0.023798165460851343,normal,3821.0174398148147
2019-01-21,0.11190203220311873,3571.785,-2.080727036795038,-0.007200976997751685,1.4868442420439636,0.020595858376621076,normal,3809.4883842592594
